{
  "id": "1134675",
  "name": "okdex",
  "font_family": "iconfont",
  "css_prefix_text": "icon-",
  "description": "dex交易所",
  "glyphs": [
    {
      "icon_id": "15394527",
      "name": "icon_hambergur",
      "font_class": "icon_hambergur",
      "unicode": "e692",
      "unicode_decimal": 59026
    },
    {
      "icon_id": "15394432",
      "name": "system_doubt",
      "font_class": "system_doubt",
      "unicode": "e691",
      "unicode_decimal": 59025
    },
    {
      "icon_id": "15348035",
      "name": "icon_path",
      "font_class": "icon_path",
      "unicode": "e68f",
      "unicode_decimal": 59023
    },
    {
      "icon_id": "15347963",
      "name": "node",
      "font_class": "node",
      "unicode": "e68e",
      "unicode_decimal": 59022
    },
    {
      "icon_id": "13643384",
      "name": "icon_three_1",
      "font_class": "icon_three_",
      "unicode": "e9a3",
      "unicode_decimal": 59811
    },
    {
      "icon_id": "13643385",
      "name": "icon_one_1",
      "font_class": "icon_one_",
      "unicode": "e9a4",
      "unicode_decimal": 59812
    },
    {
      "icon_id": "13643386",
      "name": "icon_four_1",
      "font_class": "icon_four_",
      "unicode": "e9a5",
      "unicode_decimal": 59813
    },
    {
      "icon_id": "13643388",
      "name": "icon_two_1",
      "font_class": "icon_two_",
      "unicode": "e9a6",
      "unicode_decimal": 59814
    },
    {
      "icon_id": "13643443",
      "name": "icon_four",
      "font_class": "icon_four",
      "unicode": "e9aa",
      "unicode_decimal": 59818
    },
    {
      "icon_id": "13643491",
      "name": "icon_document",
      "font_class": "icon_document",
      "unicode": "e9ab",
      "unicode_decimal": 59819
    },
    {
      "icon_id": "11837383",
      "name": "help",
      "font_class": "help",
      "unicode": "e61c",
      "unicode_decimal": 58908
    },
    {
      "icon_id": "11735684",
      "name": "Browser",
      "font_class": "Browser",
      "unicode": "e60d",
      "unicode_decimal": 58893
    },
    {
      "icon_id": "11626313",
      "name": "trade",
      "font_class": "trade",
      "unicode": "e60c",
      "unicode_decimal": 58892
    },
    {
      "icon_id": "11626305",
      "name": "create",
      "font_class": "create",
      "unicode": "e60a",
      "unicode_decimal": 58890
    },
    {
      "icon_id": "11626291",
      "name": "wallet",
      "font_class": "wallet1",
      "unicode": "e609",
      "unicode_decimal": 58889
    },
    {
      "icon_id": "11626265",
      "name": "go",
      "font_class": "go",
      "unicode": "e608",
      "unicode_decimal": 58888
    },
    {
      "icon_id": "11626048",
      "name": "wallet",
      "font_class": "wallet",
      "unicode": "e604",
      "unicode_decimal": 58884
    },
    {
      "icon_id": "5836010",
      "name": "info",
      "font_class": "info",
      "unicode": "e781",
      "unicode_decimal": 59265
    },
    {
      "icon_id": "11303632",
      "name": "dex_logo",
      "font_class": "dex-logo-new",
      "unicode": "e607",
      "unicode_decimal": 58887
    },
    {
      "icon_id": "8844952",
      "name": "dexlogo",
      "font_class": "dex-logo-old",
      "unicode": "e662",
      "unicode_decimal": 58978
    },
    {
      "icon_id": "7516932",
      "name": "date",
      "font_class": "date",
      "unicode": "e801",
      "unicode_decimal": 59393
    },
    {
      "icon_id": "3494445",
      "name": "enlarge",
      "font_class": "enlarge",
      "unicode": "e690",
      "unicode_decimal": 59024
    },
    {
      "icon_id": "8723242",
      "name": "dex",
      "font_class": "dex",
      "unicode": "e647",
      "unicode_decimal": 58951
    },
    {
      "icon_id": "8352449",
      "name": "flag_ID_circle",
      "font_class": "flag_ID_circle",
      "unicode": "e831",
      "unicode_decimal": 59441
    },
    {
      "icon_id": "8352451",
      "name": "flag_FR_circle",
      "font_class": "flag_FR_circle",
      "unicode": "e833",
      "unicode_decimal": 59443
    },
    {
      "icon_id": "8352452",
      "name": "flag_TH_circle",
      "font_class": "flag_TH_circle",
      "unicode": "e834",
      "unicode_decimal": 59444
    },
    {
      "icon_id": "8352453",
      "name": "flag_RU_circle",
      "font_class": "flag_RU_circle",
      "unicode": "e836",
      "unicode_decimal": 59446
    },
    {
      "icon_id": "8352454",
      "name": "flag_VN_circle",
      "font_class": "flag_VN_circle",
      "unicode": "e837",
      "unicode_decimal": 59447
    },
    {
      "icon_id": "8352456",
      "name": "flag_TR_circle",
      "font_class": "flag_TR_circle",
      "unicode": "e83a",
      "unicode_decimal": 59450
    },
    {
      "icon_id": "8352457",
      "name": "flag_UK_circle",
      "font_class": "flag_UK_circle",
      "unicode": "e83b",
      "unicode_decimal": 59451
    },
    {
      "icon_id": "8352458",
      "name": "flag_SP_circle",
      "font_class": "flag_SP_circle",
      "unicode": "e83c",
      "unicode_decimal": 59452
    },
    {
      "icon_id": "8355649",
      "name": "flag_CN_circle",
      "font_class": "flag_CN_circle",
      "unicode": "e832",
      "unicode_decimal": 59442
    },
    {
      "icon_id": "8355650",
      "name": "flag_HK_circle",
      "font_class": "flag_HK_circle",
      "unicode": "e839",
      "unicode_decimal": 59449
    },
    {
      "icon_id": "8673394",
      "name": "icon_circle@1x",
      "font_class": "icon_circlex",
      "unicode": "e643",
      "unicode_decimal": 58947
    },
    {
      "icon_id": "8643676",
      "name": "testcoin",
      "font_class": "testcoin",
      "unicode": "e641",
      "unicode_decimal": 58945
    },
    {
      "icon_id": "2899229",
      "name": "facebook",
      "font_class": "facebook",
      "unicode": "e602",
      "unicode_decimal": 58882
    },
    {
      "icon_id": "2899232",
      "name": "twitter",
      "font_class": "twitter",
      "unicode": "e605",
      "unicode_decimal": 58885
    },
    {
      "icon_id": "3402981",
      "name": "after",
      "font_class": "after",
      "unicode": "e65d",
      "unicode_decimal": 58973
    },
    {
      "icon_id": "3402984",
      "name": "before",
      "font_class": "before",
      "unicode": "e65e",
      "unicode_decimal": 58974
    },
    {
      "icon_id": "3402987",
      "name": "down",
      "font_class": "down",
      "unicode": "e64f",
      "unicode_decimal": 58959
    },
    {
      "icon_id": "3402989",
      "name": "fold",
      "font_class": "fold",
      "unicode": "e65f",
      "unicode_decimal": 58975
    },
    {
      "icon_id": "3402995",
      "name": "Loading",
      "font_class": "Loading",
      "unicode": "e655",
      "unicode_decimal": 58965
    },
    {
      "icon_id": "3403002",
      "name": "Unfold",
      "font_class": "Unfold",
      "unicode": "e660",
      "unicode_decimal": 58976
    },
    {
      "icon_id": "3403003",
      "name": "up",
      "font_class": "up",
      "unicode": "e657",
      "unicode_decimal": 58967
    },
    {
      "icon_id": "3420660",
      "name": "close-circle",
      "font_class": "close-circle",
      "unicode": "e673",
      "unicode_decimal": 58995
    },
    {
      "icon_id": "3420662",
      "name": "close-circle-o",
      "font_class": "close-circle-o",
      "unicode": "e675",
      "unicode_decimal": 58997
    },
    {
      "icon_id": "3420663",
      "name": "close",
      "font_class": "close",
      "unicode": "e676",
      "unicode_decimal": 58998
    },
    {
      "icon_id": "3420664",
      "name": "exclamation-circle-o",
      "font_class": "exclamation-circle-o",
      "unicode": "e67c",
      "unicode_decimal": 59004
    },
    {
      "icon_id": "3420667",
      "name": "exclamation-circle",
      "font_class": "exclamation-circle",
      "unicode": "e67f",
      "unicode_decimal": 59007
    },
    {
      "icon_id": "3420669",
      "name": "info-circle",
      "font_class": "info-circle",
      "unicode": "e681",
      "unicode_decimal": 59009
    },
    {
      "icon_id": "3420670",
      "name": "info-circle-o",
      "font_class": "info-circle-o",
      "unicode": "e682",
      "unicode_decimal": 59010
    },
    {
      "icon_id": "3420688",
      "name": "remind",
      "font_class": "remind",
      "unicode": "e665",
      "unicode_decimal": 58981
    },
    {
      "icon_id": "3499509",
      "name": "Telegram",
      "font_class": "Telegram",
      "unicode": "e694",
      "unicode_decimal": 59028
    },
    {
      "icon_id": "3507255",
      "name": "check-circle",
      "font_class": "check-circle1",
      "unicode": "e69c",
      "unicode_decimal": 59036
    },
    {
      "icon_id": "3507258",
      "name": "check-circle-o",
      "font_class": "check-circle-o1",
      "unicode": "e69f",
      "unicode_decimal": 59039
    },
    {
      "icon_id": "3663416",
      "name": "K-line",
      "font_class": "K-line1",
      "unicode": "e6b2",
      "unicode_decimal": 59058
    },
    {
      "icon_id": "3705624",
      "name": "search",
      "font_class": "search",
      "unicode": "e6be",
      "unicode_decimal": 59070
    },
    {
      "icon_id": "3705626",
      "name": "Star-o",
      "font_class": "Star-o",
      "unicode": "e6c0",
      "unicode_decimal": 59072
    },
    {
      "icon_id": "3705627",
      "name": "Star",
      "font_class": "Star",
      "unicode": "e6c1",
      "unicode_decimal": 59073
    },
    {
      "icon_id": "3705629",
      "name": "WeChat",
      "font_class": "WeChat",
      "unicode": "e6c3",
      "unicode_decimal": 59075
    },
    {
      "icon_id": "3705647",
      "name": "spread",
      "font_class": "spread",
      "unicode": "e6c4",
      "unicode_decimal": 59076
    },
    {
      "icon_id": "3705648",
      "name": "retract",
      "font_class": "retract",
      "unicode": "e6c7",
      "unicode_decimal": 59079
    },
    {
      "icon_id": "3748698",
      "name": "annotation",
      "font_class": "annotation",
      "unicode": "e6cd",
      "unicode_decimal": 59085
    },
    {
      "icon_id": "3755776",
      "name": "No deal list",
      "font_class": "Nodeallist",
      "unicode": "e6d0",
      "unicode_decimal": 59088
    },
    {
      "icon_id": "3867213",
      "name": "okex-logo",
      "font_class": "okex-logo",
      "unicode": "e6e4",
      "unicode_decimal": 59108
    },
    {
      "icon_id": "3906747",
      "name": "rate standard",
      "font_class": "ratestandard",
      "unicode": "e6ff",
      "unicode_decimal": 59135
    },
    {
      "icon_id": "3907024",
      "name": "full screen",
      "font_class": "fullscreen2",
      "unicode": "e700",
      "unicode_decimal": 59136
    },
    {
      "icon_id": "4076708",
      "name": "spread",
      "font_class": "spread11",
      "unicode": "e649",
      "unicode_decimal": 58953
    },
    {
      "icon_id": "4197705",
      "name": "left to right",
      "font_class": "lefttoright",
      "unicode": "e64c",
      "unicode_decimal": 58956
    },
    {
      "icon_id": "4232355",
      "name": "okcoin-logo",
      "font_class": "okcoin-logo1",
      "unicode": "e733",
      "unicode_decimal": 59187
    },
    {
      "icon_id": "4253373",
      "name": "download",
      "font_class": "download",
      "unicode": "e735",
      "unicode_decimal": 59189
    },
    {
      "icon_id": "4305897",
      "name": "night",
      "font_class": "night",
      "unicode": "e73b",
      "unicode_decimal": 59195
    },
    {
      "icon_id": "4305898",
      "name": "daytime",
      "font_class": "daytime",
      "unicode": "e73c",
      "unicode_decimal": 59196
    },
    {
      "icon_id": "4406712",
      "name": "annotation-night",
      "font_class": "annotation-night",
      "unicode": "e746",
      "unicode_decimal": 59206
    },
    {
      "icon_id": "4422087",
      "name": "center",
      "font_class": "center",
      "unicode": "e747",
      "unicode_decimal": 59207
    },
    {
      "icon_id": "4422088",
      "name": "buy",
      "font_class": "buy",
      "unicode": "e748",
      "unicode_decimal": 59208
    },
    {
      "icon_id": "4422089",
      "name": "sell",
      "font_class": "sell",
      "unicode": "e749",
      "unicode_decimal": 59209
    },
    {
      "icon_id": "5605041",
      "name": "okcoin jp-header",
      "font_class": "okcoinjp-header",
      "unicode": "e764",
      "unicode_decimal": 59236
    },
    {
      "icon_id": "5836009",
      "name": "check",
      "font_class": "check",
      "unicode": "e780",
      "unicode_decimal": 59264
    },
    {
      "icon_id": "5836011",
      "name": "exclamation",
      "font_class": "exclamation",
      "unicode": "e782",
      "unicode_decimal": 59266
    },
    {
      "icon_id": "5836030",
      "name": "check-circle",
      "font_class": "check-circle",
      "unicode": "e785",
      "unicode_decimal": 59269
    },
    {
      "icon_id": "5836031",
      "name": "info-circle",
      "font_class": "info-circle1",
      "unicode": "e786",
      "unicode_decimal": 59270
    },
    {
      "icon_id": "5836032",
      "name": "exclamation-circle",
      "font_class": "exclamation-circle1",
      "unicode": "e787",
      "unicode_decimal": 59271
    },
    {
      "icon_id": "5836033",
      "name": "close-circle",
      "font_class": "close-circle1",
      "unicode": "e788",
      "unicode_decimal": 59272
    },
    {
      "icon_id": "6081266",
      "name": "Financial Report",
      "font_class": "FinancialReport",
      "unicode": "e603",
      "unicode_decimal": 58883
    },
    {
      "icon_id": "6081267",
      "name": "News flash",
      "font_class": "Newsflash",
      "unicode": "e60b",
      "unicode_decimal": 58891
    },
    {
      "icon_id": "6081268",
      "name": "Activity notificatio",
      "font_class": "Activitynotificatio",
      "unicode": "e666",
      "unicode_decimal": 58982
    },
    {
      "icon_id": "6081269",
      "name": "Monthly",
      "font_class": "Monthly",
      "unicode": "e674",
      "unicode_decimal": 58996
    },
    {
      "icon_id": "6081270",
      "name": "weekly",
      "font_class": "weekly",
      "unicode": "e677",
      "unicode_decimal": 58999
    },
    {
      "icon_id": "6121868",
      "name": "Rating Report",
      "font_class": "Triggerorderfuben",
      "unicode": "e69d",
      "unicode_decimal": 59037
    },
    {
      "icon_id": "6285043",
      "name": "menu-information",
      "font_class": "menu-information",
      "unicode": "e79a",
      "unicode_decimal": 59290
    },
    {
      "icon_id": "6504464",
      "name": "hot",
      "font_class": "hot",
      "unicode": "e7a1",
      "unicode_decimal": 59297
    },
    {
      "icon_id": "6590307",
      "name": "buy-L",
      "font_class": "buy-L",
      "unicode": "e703",
      "unicode_decimal": 59139
    },
    {
      "icon_id": "6590308",
      "name": "sell-B",
      "font_class": "sell-B",
      "unicode": "e704",
      "unicode_decimal": 59140
    },
    {
      "icon_id": "6590309",
      "name": "sell-L",
      "font_class": "sell-L",
      "unicode": "e705",
      "unicode_decimal": 59141
    },
    {
      "icon_id": "6590310",
      "name": "Buy and sell-L",
      "font_class": "Buyandsell-L",
      "unicode": "e706",
      "unicode_decimal": 59142
    },
    {
      "icon_id": "6590311",
      "name": "buy and sell-B",
      "font_class": "buyandsell-B",
      "unicode": "e707",
      "unicode_decimal": 59143
    },
    {
      "icon_id": "6590312",
      "name": "buy-B",
      "font_class": "buy-B",
      "unicode": "e708",
      "unicode_decimal": 59144
    },
    {
      "icon_id": "6835373",
      "name": "exit fullscreen",
      "font_class": "exitfullscreen1",
      "unicode": "e78f",
      "unicode_decimal": 59279
    },
    {
      "icon_id": "8518507",
      "name": "icon_tips",
      "font_class": "icon_tips",
      "unicode": "e63c",
      "unicode_decimal": 58940
    },
    {
      "icon_id": "8518483",
      "name": "icon_search",
      "font_class": "icon_search",
      "unicode": "e63b",
      "unicode_decimal": 58939
    },
    {
      "icon_id": "8516946",
      "name": "03",
      "font_class": "icon-test2",
      "unicode": "e63a",
      "unicode_decimal": 58938
    },
    {
      "icon_id": "8516943",
      "name": "02",
      "font_class": "icon-test1",
      "unicode": "e639",
      "unicode_decimal": 58937
    },
    {
      "icon_id": "8516940",
      "name": "01",
      "font_class": "icon-test",
      "unicode": "e638",
      "unicode_decimal": 58936
    },
    {
      "icon_id": "8492643",
      "name": "icon_二维码",
      "font_class": "icon_erweima",
      "unicode": "e635",
      "unicode_decimal": 58933
    },
    {
      "icon_id": "8492613",
      "name": "icon_hide",
      "font_class": "icon_hide",
      "unicode": "e634",
      "unicode_decimal": 58932
    },
    {
      "icon_id": "8492612",
      "name": "icon_display",
      "font_class": "icon_display",
      "unicode": "e633",
      "unicode_decimal": 58931
    },
    {
      "icon_id": "8491310",
      "name": "icon_down",
      "font_class": "icon_down",
      "unicode": "e632",
      "unicode_decimal": 58930
    },
    {
      "icon_id": "8488783",
      "name": "icon_close",
      "font_class": "icon_close",
      "unicode": "e631",
      "unicode_decimal": 58929
    },
    {
      "icon_id": "8488772",
      "name": "icon_up",
      "font_class": "icon_up",
      "unicode": "e630",
      "unicode_decimal": 58928
    },
    {
      "icon_id": "8488757",
      "name": "icon_wrong@1x",
      "font_class": "icon_wrongx",
      "unicode": "e62f",
      "unicode_decimal": 58927
    },
    {
      "icon_id": "8488664",
      "name": "icon_warning@1x",
      "font_class": "icon_warningx",
      "unicode": "e62e",
      "unicode_decimal": 58926
    },
    {
      "icon_id": "8488486",
      "name": "icon_copy",
      "font_class": "icon_copy",
      "unicode": "e62b",
      "unicode_decimal": 58923
    },
    {
      "icon_id": "8488120",
      "name": "icon_calendar",
      "font_class": "icon_calendar",
      "unicode": "e62a",
      "unicode_decimal": 58922
    },
    {
      "icon_id": "8487480",
      "name": "icon_success复制 2",
      "font_class": "icon_successfuzhi",
      "unicode": "e629",
      "unicode_decimal": 58921
    },
    {
      "icon_id": "8487466",
      "name": "txt@1x",
      "font_class": "txtx",
      "unicode": "e628",
      "unicode_decimal": 58920
    },
    {
      "icon_id": "8487461",
      "name": "txt Copy@1x",
      "font_class": "txtCopyx",
      "unicode": "e627",
      "unicode_decimal": 58919
    },
    {
      "icon_id": "8487399",
      "name": "icon_warning",
      "font_class": "icon_warning",
      "unicode": "e626",
      "unicode_decimal": 58918
    },
    {
      "icon_id": "8487397",
      "name": "icon_success",
      "font_class": "icon_success",
      "unicode": "e625",
      "unicode_decimal": 58917
    },
    {
      "icon_id": "8487393",
      "name": "icon_fail",
      "font_class": "icon_fail",
      "unicode": "e624",
      "unicode_decimal": 58916
    },
    {
      "icon_id": "8487120",
      "name": "Ellipsis",
      "font_class": "Ellipsis",
      "unicode": "e61f",
      "unicode_decimal": 58911
    },
    {
      "icon_id": "8487064",
      "name": "loading Copy",
      "font_class": "loadingCopy",
      "unicode": "e61e",
      "unicode_decimal": 58910
    },
    {
      "icon_id": "2849979",
      "name": "中国 CHN",
      "font_class": "CHN",
      "unicode": "e621",
      "unicode_decimal": 58913
    },
    {
      "icon_id": "2849980",
      "name": "香港 HKG",
      "font_class": "HKG",
      "unicode": "e622",
      "unicode_decimal": 58914
    },
    {
      "icon_id": "2849981",
      "name": "美国 USA",
      "font_class": "USA",
      "unicode": "e623",
      "unicode_decimal": 58915
    },
    {
      "icon_id": "5156635",
      "name": "France",
      "font_class": "France",
      "unicode": "e65a",
      "unicode_decimal": 58970
    },
    {
      "icon_id": "5156636",
      "name": "thailand",
      "font_class": "thailand",
      "unicode": "e65b",
      "unicode_decimal": 58971
    },
    {
      "icon_id": "5156637",
      "name": "russia",
      "font_class": "russia",
      "unicode": "e65c",
      "unicode_decimal": 58972
    },
    {
      "icon_id": "5156638",
      "name": "spain",
      "font_class": "spain",
      "unicode": "e664",
      "unicode_decimal": 58980
    }
  ]
}
